v;w
Barking;West Ham
Blackhorse Road;Walthamstow Central
Baker Street;Bond Street
Arnos Grove;Bounds Green
Bow Road;Bromley-by-Bow
Burnt Oak;Edgware
Bermondsey;Canada Water
Canada Water;Canary Wharf
Bank / Monument;Cannon Street
Canons Park;Stanmore
Amersham;Chalfont & Latimer
Chalfont & Latimer;Chesham
Belsize Park;Chalk Farm
Camden Town;Chalk Farm
Acton Town;Chiswick Park
Chalfont & Latimer;Chorleywood
Clapham Common;Clapham North
Balham;Clapham South
Clapham Common;Clapham South
Burnt Oak;Colindale
Croxley;Watford
Becontree;Dagenham Heathway
Dagenham East;Dagenham Heathway
Ealing Broadway;Paddington
Acton Town;Ealing Common
Ealing Broadway;Ealing Common
Barons Court;Earl's Court
Earl's Court;Kensington (Olympia)
Barking;East Ham
Baker Street;Edgware Road (Cir)
Borough;Elephant & Castle
Dagenham East;Elm Park
Charing Cross;Embankment
Camden Town;Euston
Barkingside;Fairlop
Barbican;Farringdon
East Finchley;Finchley Central
Finchley Central;Mill Hill East
Baker Street;Finchley Road
Arsenal;Finsbury Park
Earl's Court;Gloucester Road
Brent Cross;Golders Green
Goldhawk Road;Hammersmith (H&C)
Chigwell;Grange Hill
Baker Street;Great Portland Street
Euston Square;Great Portland Street
Bond Street;Green Park
Fairlop;Hainault
Grange Hill;Hainault
Acton Town;Hammersmith (Dis)
Barons Court;Hammersmith (Dis)
Belsize Park;Hampstead
Golders Green;Hampstead
Finchley Road;Harrow-on-the-Hill
Harrow-on-the-Hill;Marylebone
Hatton Cross;Heathrow Terminals 123
Heathrow Terminal 5;Heathrow Terminals 123
Hatton Cross;Heathrow Terminal 4
Heathrow Terminal 4;Heathrow Terminals 123
Brent Cross;Hendon Central
Colindale;Hendon Central
Finsbury Park;Highbury & Islington
Archway;Highgate
East Finchley;Highgate
Earl's Court;High Street Kensington
Gloucester Road;High Street Kensington
Hillingdon;Uxbridge
Chancery Lane;Holborn
Covent Garden;Holborn
Arsenal;Holloway Road
Caledonian Road;Holloway Road
Elm Park;Hornchurch
Hounslow Central;Hounslow East
Hatton Cross;Hounslow West
Hounslow Central;Hounslow West
Green Park;Hyde Park Corner
Hillingdon;Ickenham
Elephant & Castle;Kennington
Camden Town;Kentish Town
Harrow & Wealdstone;Kenton
Gunnersbury;Kew Gardens
Kew Gardens;Richmond
Angel;King's Cross St. Pancras
Caledonian Road;King's Cross St. Pancras
Euston;King's Cross St. Pancras
Euston Square;King's Cross St. Pancras
Farringdon;King's Cross St. Pancras
Highbury & Islington;King's Cross St. Pancras
Hyde Park Corner;Knightsbridge
Elephant & Castle;Lambeth North
Ladbroke Grove;Latimer Road
Charing Cross;Leicester Square
Covent Garden;Leicester Square
Leyton;Leytonstone
Aldgate;Liverpool Street
Aldgate East;Liverpool Street
Bank / Monument;Liverpool Street
Bethnal Green;Liverpool Street
Bank / Monument;London Bridge
Bermondsey;London Bridge
Borough;London Bridge
Buckhurst Hill;Loughton
Debden;Loughton
Kilburn Park;Maida Vale
Finsbury Park;Manor House
Blackfriars;Mansion House
Cannon Street;Mansion House
Bond Street;Marble Arch
Lancaster Gate;Marble Arch
Baker Street;Marylebone
Edgware Road (Bak);Marylebone
Bethnal Green;Mile End
Bow Road;Mile End
Bank / Monument;Moorgate
Barbican;Moorgate
Liverpool Street;Moorgate
Croxley;Moor Park
Harrow-on-the-Hill;Moor Park
Camden Town;Mornington Crescent
Euston;Mornington Crescent
Dollis Hill;Neasden
Barkingside;Newbury Park
Gants Hill;Newbury Park
East Acton;North Acton
Hanger Lane;North Acton
Ealing Common;North Ealing
Canary Wharf;North Greenwich
Canning Town;North Greenwich
Harrow-on-the-Hill;North Harrow
Boston Manor;Northfields
Greenford;Northolt
Harrow-on-the-Hill;Northwick Park
Moor Park;Northwood
Northwood;Northwood Hills
Bayswater;Notting Hill Gate
High Street Kensington;Notting Hill Gate
Holland Park;Notting Hill Gate
Cockfosters;Oakwood
Angel;Old Street
Moorgate;Old Street
Boston Manor;Osterley
Hounslow East;Osterley
Kennington;Oval
Bond Street;Oxford Circus
Green Park;Oxford Circus
Bayswater;Paddington
Edgware Road (Bak);Paddington
Edgware Road (Cir);Paddington
Alperton;Park Royal
North Ealing;Park Royal
Fulham Broadway;Parsons Green
Greenford;Perivale
Hanger Lane;Perivale
Charing Cross;Piccadilly Circus
Green Park;Piccadilly Circus
Leicester Square;Piccadilly Circus
Oxford Circus;Piccadilly Circus
North Harrow;Pinner
Northwood Hills;Pinner
Northwick Park;Preston Road
East Putney;Putney Bridge
Parsons Green;Putney Bridge
Kensal Green;Queen's Park
Kilburn Park;Queen's Park
Canons Park;Queensbury
Kingsbury;Queensbury
Lancaster Gate;Queensway
Notting Hill Gate;Queensway
Hammersmith (Dis);Ravenscourt Park
Eastcote;Rayners Lane
Gants Hill;Redbridge
Baker Street;Regent's Park
Oxford Circus;Regent's Park
Chorleywood;Rickmansworth
Harrow-on-the-Hill;Rickmansworth
Moor Park;Rickmansworth
Chigwell;Roding Valley
Roding Valley;Woodford
Paddington;Royal Oak
Ickenham;Ruislip
Ruislip Gardens;West Ruislip
Eastcote;Ruislip Manor
Ruislip;Ruislip Manor
Holborn;Russell Square
King's Cross St. Pancras;Russell Square
Baker Street;St. John's Wood
Bank / Monument;St. Paul's
Chancery Lane;St. Paul's
Finsbury Park;Seven Sisters
Holland Park;Shepherd's Bush (Cen)
Goldhawk Road;Shepherd's Bush Market
Leytonstone;Snaresbrook
Acton Town;South Ealing
Northfields;South Ealing
Rayners Lane;South Harrow
Gloucester Road;South Kensington
Knightsbridge;South Kensington
Sloane Square;South Kensington
Kenton;South Kenton
North Wembley;South Kenton
Northolt;South Ruislip
Ruislip Gardens;South Ruislip
South Ruislip;West Ruislip
Colliers Wood;South Wimbledon
Morden;South Wimbledon
Snaresbrook;South Woodford
East Putney;Southfields
Arnos Grove;Southgate
Oakwood;Southgate
London Bridge;Southwark
Ravenscourt Park;Stamford Brook
Mile End;Stepney Green
Brixton;Stockwell
Clapham North;Stockwell
Oval;Stockwell
Harlesden;Stonebridge Park
Leyton;Stratford
Mile End;Stratford
Stratford;Whitechapel
Stratford;Stratford International
South Harrow;Sudbury Hill
Alperton;Sudbury Town
Sudbury Hill;Sudbury Town
Finchley Road;Swiss Cottage
St. John's Wood;Swiss Cottage
Blackfriars;Temple
Embankment;Temple
Debden;Theydon Bois
Epping;Theydon Bois
Balham;Tooting Bec
Colliers Wood;Tooting Broadway
Tooting Bec;Tooting Broadway
Bond Street;Tottenham Court Road
Goodge Street;Tottenham Court Road
Holborn;Tottenham Court Road
Leicester Square;Tottenham Court Road
Oxford Circus;Tottenham Court Road
Blackhorse Road;Tottenham Hale
Liverpool Street;Tottenham Hale
Seven Sisters;Tottenham Hale
High Barnet;Totteridge & Whetstone
Aldgate;Tower Hill
Aldgate East;Tower Hill
Bank / Monument;Tower Hill
Archway;Tufnell Park
Kentish Town;Tufnell Park
Acton Town;Turnham Green
Chiswick Park;Turnham Green
Gunnersbury;Turnham Green
Hammersmith (Dis);Turnham Green
Stamford Brook;Turnham Green
Manor House;Turnpike Lane
Barking;Upminster
Hornchurch;Upminster Bridge
Upminster;Upminster Bridge
Barking;Upney
Becontree;Upney
East Ham;Upton Park
Plaistow;Upton Park
Pimlico;Vauxhall
Stockwell;Vauxhall
Green Park;Victoria
Pimlico;Victoria
St. James's Park;Victoria
Sloane Square;Victoria
Leytonstone;Wanstead
Redbridge;Wanstead
Euston;Warren Street
Goodge Street;Warren Street
Oxford Circus;Warren Street
Maida Vale;Warwick Avenue
Paddington;Warwick Avenue
Embankment;Waterloo
Kennington;Waterloo
Lambeth North;Waterloo
Southwark;Waterloo
North Wembley;Wembley Central
Stonebridge Park;Wembley Central
Finchley Road;Wembley Park
Harrow-on-the-Hill;Wembley Park
Kingsbury;Wembley Park
Neasden;Wembley Park
Preston Road;Wembley Park
Ealing Broadway;West Acton
North Acton;West Acton
Earl's Court;West Brompton
Fulham Broadway;West Brompton
Kensington (Olympia);West Brompton
Finchley Central;West Finchley
Bromley-by-Bow;West Ham
Canning Town;West Ham
Plaistow;West Ham
Stratford;West Ham
Finchley Road;West Hampstead
Kilburn;West Hampstead
Harrow-on-the-Hill;West Harrow
Rayners Lane;West Harrow
Barons Court;West Kensington
Earl's Court;West Kensington
Ladbroke Grove;Westbourne Park
Royal Oak;Westbourne Park
Embankment;Westminster
Green Park;Westminster
St. James's Park;Westminster
Waterloo;Westminster
East Acton;White City
Shepherd's Bush (Cen);White City
Aldgate East;Whitechapel
Stepney Green;Whitechapel
Dollis Hill;Willesden Green
Finchley Road;Willesden Green
Kilburn;Willesden Green
Neasden;Willesden Green
Harlesden;Willesden Junction
Kensal Green;Willesden Junction
Southfields;Wimbledon Park
Wimbledon;Wimbledon Park
Bounds Green;Wood Green
Turnpike Lane;Wood Green
Latimer Road;Wood Lane
Shepherd's Bush Market;Wood Lane
Buckhurst Hill;Woodford
South Woodford;Woodford
Totteridge & Whetstone;Woodside Park
West Finchley;Woodside Park
Abbey Road;West Ham
Beckton Park;Cyprus
Bow Church;Devons Road
Canning Town;East India
Blackwall;East India
Deptford Bridge;Elverson Road
Elverson Road;Lewisham
Beckton;Gallions Reach
Cyprus;Gallions Reach
Cutty Sark for Maritime Greenwich;Greenwich
Deptford Bridge;Greenwich
Canary Wharf;Heron Quays
Cutty Sark for Maritime Greenwich;Island Gardens
King George V;Woolwich Arsenal
All Saints;Langdon Park
Devons Road;Langdon Park
King George V;London City Airport
Crossharbour;Mudchute
Island Gardens;Mudchute
London City Airport;Pontoon Dock
All Saints;Poplar
Blackwall;Poplar
Custom House for ExCeL;Prince Regent
Pudding Mill Lane;Stratford
Bow Church;Pudding Mill Lane
Beckton Park;Royal Albert
Prince Regent;Royal Albert
Canning Town;Royal Victoria
Custom House for ExCeL;Royal Victoria
Bank / Monument;Shadwell
Limehouse;Shadwell
Shadwell;Tower Gateway
Crossharbour;South Quay
Heron Quays;South Quay
Canning Town;Star Lane
Star Lane;West Ham
Stratford;Stratford High Street
Abbey Road;Stratford High Street
Canary Wharf;West India Quay
Poplar;West India Quay
Canning Town;West Silvertown
Pontoon Dock;West Silvertown
Limehouse;Westferry
Poplar;Westferry
West India Quay;Westferry
